user_id,age,created_at,email,location,username
de9ac0ed-319e-4ac0-bb66-e26524c42bdb,49,2025-04-25 22:45:47.956+0000,alisonpatterson@example.net,Errachidia,kathleenli
c03dcfa7-04e5-4eb7-8f6a-766957d1568c,36,2025-04-25 22:45:50.432+0000,alexishawkins@example.com,Al Hoceima,juarezmichael
29014476-bde6-4b35-a19e-a328691047e4,40,2025-04-25 22:45:38.358+0000,ugonzales@example.org,Beni Mellal,cobbstephen
d14b281b-e23e-4c35-9f6e-c2a4485e8399,22,2025-04-25 22:46:01.023+0000,yjones@example.org,Aklim,bhoover
7547daca-ef67-4bb0-bdb3-00c132442233,65,2025-04-25 22:45:30.090+0000,xpalmer@example.net,Tiznit,pgarza
46559fd0-dcb5-4696-93d8-ecb1d3d80d6d,23,2025-04-25 22:46:29.449+0000,natashawilliams@example.net,Bouskoura,jacobcortez
d76a9bb8-e687-4cdf-a690-f3ca73b15a74,59,2025-04-25 22:45:31.766+0000,usilva@example.net,Skhirat,jonesstephen
3fe357b3-9b47-4f1d-9a20-b7bcd2083310,39,2025-04-25 22:45:44.189+0000,elizabethruiz@example.net,Bouizakarne,andrea32
b8b86974-00b8-4153-ba31-e2471b42e66b,24,2025-04-25 22:46:07.401+0000,jenniferblake@example.com,Nador,ilong
7036b275-43d9-490a-b83d-535f49746a10,44,2025-04-25 22:46:12.974+0000,walkerjose@example.net,El Kelaa des Sraghna,james48
d69ad319-f035-4216-840e-4bb082340673,29,2025-04-25 22:45:58.514+0000,cynthia60@example.net,Beni Mellal,vincentross
4750021f-1c9f-4775-a2e6-81acbd804d4e,58,2025-04-25 22:46:27.930+0000,usimon@example.com,Boujniba,perezbrenda
6635e9b6-ab2c-405e-a332-0a38c3938fb3,53,2025-04-25 22:45:33.420+0000,donaldreed@example.com,Bejaad,george60
c71cf3b3-45b4-4b6d-ad35-747a9eded3e8,29,2025-04-25 22:45:18.317+0000,kimberlyoliver@example.net,Nador,edwin75
8a1be363-9332-42f1-83db-fadc46b6b54a,39,2025-04-25 22:45:40.794+0000,larry43@example.com,Mohammedia,xdudley
f85259c1-4f26-4e8e-b10b-78c89f90b40a,24,2025-04-25 22:46:24.275+0000,ocarson@example.com,Rissani,pamreeves
fa6d9e9d-c992-4415-891a-5d2a52a1d09b,53,2025-04-25 22:46:10.491+0000,ugreen@example.net,Khemisset,rcamacho
f055c7a1-263d-41d4-b4f5-b79aea6e3942,47,2025-04-25 22:45:42.637+0000,fieldsdonna@example.net,Chichaoua,sbrown
4838c702-86d8-4669-b449-64ca455d401a,21,2025-04-25 22:46:15.873+0000,gonzalezjonathan@example.net,Jemaa Shaim,thomasdavid
68da4cfc-e7a7-478e-958e-45838a9f85a5,35,2025-04-25 22:45:52.629+0000,jessica27@example.com,Ouled Te√Øma,georgerandy
89506577-1d65-4d3d-8804-6974018ce3c7,27,2025-04-25 22:45:56.921+0000,espinozaashley@example.org,Dcheira,singhjohn
c59e71cd-a270-4a8b-b79e-7176122b9ced,39,2025-04-25 22:46:26.559+0000,brett49@example.com,Al Hoceima,jaredlee
4c7dfbac-aa12-4940-a27d-5eac75897bca,52,2025-04-25 22:46:03.690+0000,danielbonilla@example.com,Mechra Bel Ksiri,zpierce
8d26bf52-ef6e-41cb-851e-35d89f7265da,25,2025-04-25 22:46:05.703+0000,tanyamichael@example.com,Bouarfa,nicholasmurphy
baf8ad1c-280d-4c55-9b11-839b94058999,27,2025-04-25 22:45:45.827+0000,brian53@example.com,Dcheira,wgates
